request_id,source_location_id,destination_location_id,category,urgency,time_submitted,deadline,status
Q001,L006,L049,Document,1,2026-07-12T02:46,2026-07-12T03:42,ASSIGNED
Q002,L009,L050,Parcel,3,2026-07-04T11:21,2026-07-04T12:58,DELIVERED
Q003,L008,L023,Parcel,2,2026-07-06T10:28,2026-07-06T12:54,DELIVERED
Q004,L010,L043,Parcel,4,2026-07-16T23:00,2026-07-17T01:58,IN_TRANSIT
Q005,L002,L039,Pharmacy,1,2026-07-08T22:33,2026-07-09T00:32,IN_TRANSIT
Q006,L005,L023,Food,2,2026-07-13T17:57,2026-07-13T19:28,IN_TRANSIT
Q007,L017,L034,Food,2,2026-07-09T06:44,2026-07-09T07:44,DELIVERED
Q008,L018,L029,Food,2,2026-07-19T14:26,2026-07-19T17:07,DELIVERED
Q009,L021,L023,Medical,5,2026-07-15T08:44,2026-07-15T09:08,DELIVERED
Q010,L011,L047,Document,1,2026-07-19T20:08,2026-07-19T20:35,DELIVERED
Q011,L009,L050,Parcel,1,2026-07-20T15:41,2026-07-20T16:01,IN_TRANSIT
Q012,L018,L025,Pharmacy,5,2026-07-09T02:59,2026-07-09T05:37,DELIVERED
Q013,L021,L025,Parcel,1,2026-07-18T07:57,2026-07-18T08:36,IN_TRANSIT
Q014,L002,L031,Grocery,4,2026-07-17T16:49,2026-07-17T19:35,DELIVERED
Q015,L008,L042,Pharmacy,2,2026-07-10T10:58,2026-07-10T13:43,ASSIGNED
Q016,L018,L023,Parcel,4,2026-07-08T20:34,2026-07-08T21:24,IN_TRANSIT
Q017,L004,L031,Pharmacy,2,2026-07-03T11:18,2026-07-03T13:27,DELIVERED
Q018,L003,L024,Document,1,2026-07-11T19:37,2026-07-11T21:43,DELIVERED
Q019,L006,L026,Food,5,2026-07-10T04:16,2026-07-10T06:59,DELIVERED
Q020,L017,L039,Grocery,4,2026-07-11T20:55,2026-07-11T23:20,IN_TRANSIT
Q021,L017,L042,Pharmacy,3,2026-07-05T18:40,2026-07-05T21:20,DELIVERED
Q022,L021,L041,Pharmacy,4,2026-07-20T09:10,2026-07-20T11:20,CANCELLED
Q023,L021,L023,Pharmacy,2,2026-07-09T13:29,2026-07-09T16:08,ASSIGNED
Q024,L015,L022,Pharmacy,4,2026-07-06T08:29,2026-07-06T10:45,DELIVERED
Q025,L015,L047,Pharmacy,3,2026-07-08T06:54,2026-07-08T08:37,DELIVERED
Q026,L011,L039,Medical,5,2026-07-14T23:31,2026-07-15T01:37,CANCELLED
Q027,L021,L036,Medical,2,2026-07-08T22:49,2026-07-08T23:43,ASSIGNED
Q028,L010,L046,Parcel,1,2026-07-08T17:06,2026-07-08T19:34,IN_TRANSIT
Q029,L012,L031,Grocery,4,2026-07-19T23:59,2026-07-20T02:23,IN_TRANSIT
Q030,L012,L033,Pharmacy,3,2026-07-08T05:46,2026-07-08T06:17,DELIVERED
Q031,L020,L034,Parcel,1,2026-07-12T22:39,2026-07-12T23:35,DELIVERED
Q032,L018,L036,Parcel,3,2026-07-09T15:53,2026-07-09T18:03,DELIVERED
Q033,L011,L051,Pharmacy,1,2026-07-06T12:07,2026-07-06T14:56,DELIVERED
Q034,L008,L046,Food,1,2026-07-15T13:22,2026-07-15T14:15,CANCELLED
Q035,L016,L022,Document,5,2026-07-19T16:02,2026-07-19T16:25,ASSIGNED
Q036,L013,L034,Parcel,2,2026-07-04T08:06,2026-07-04T09:34,DELIVERED
Q037,L006,L028,Document,5,2026-07-06T04:43,2026-07-06T07:11,CANCELLED
Q038,L021,L035,Parcel,1,2026-07-17T11:41,2026-07-17T13:02,DELIVERED
Q039,L013,L031,Parcel,2,2026-07-15T18:53,2026-07-15T19:55,NEW
Q040,L021,L025,Document,2,2026-07-12T02:17,2026-07-12T03:43,DELIVERED
Q041,L014,L051,Parcel,1,2026-07-12T11:55,2026-07-12T13:59,DELIVERED
Q042,L001,L025,Food,1,2026-07-16T22:26,2026-07-16T23:22,DELIVERED
Q043,L010,L048,Parcel,5,2026-07-18T22:37,2026-07-19T00:04,DELIVERED
Q044,L016,L034,Document,3,2026-07-05T11:05,2026-07-05T13:13,DELIVERED
Q045,L020,L027,Food,5,2026-07-13T17:05,2026-07-13T19:01,IN_TRANSIT
Q046,L005,L027,Medical,1,2026-07-20T03:13,2026-07-20T06:01,DELIVERED
Q047,L018,L032,Food,1,2026-07-10T19:20,2026-07-10T20:00,DELIVERED
Q048,L017,L035,Pharmacy,4,2026-07-06T05:19,2026-07-06T07:29,IN_TRANSIT
Q049,L013,L022,Parcel,5,2026-07-10T17:21,2026-07-10T19:34,NEW
Q050,L020,L037,Food,3,2026-07-19T05:26,2026-07-19T06:01,DELIVERED
Q051,L010,L030,Document,1,2026-07-02T05:24,2026-07-02T06:24,DELIVERED
Q052,L008,L046,Food,1,2026-07-21T03:37,2026-07-21T03:59,IN_TRANSIT
Q053,L003,L045,Grocery,1,2026-07-12T10:43,2026-07-12T11:30,ASSIGNED
Q054,L010,L028,Document,3,2026-07-18T07:46,2026-07-18T10:14,IN_TRANSIT
Q055,L004,L043,Medical,2,2026-07-06T20:55,2026-07-06T23:34,DELIVERED
Q056,L020,L030,Food,3,2026-07-06T22:46,2026-07-07T01:45,DELIVERED
Q057,L015,L036,Pharmacy,5,2026-07-17T11:03,2026-07-17T11:54,DELIVERED
Q058,L014,L046,Parcel,2,2026-07-18T23:35,2026-07-19T02:22,DELIVERED
Q059,L021,L050,Food,1,2026-07-07T05:37,2026-07-07T07:16,ASSIGNED
Q060,L018,L044,Medical,3,2026-07-06T17:01,2026-07-06T19:03,DELIVERED
Q061,L009,L038,Pharmacy,3,2026-07-07T14:49,2026-07-07T16:11,DELIVERED
Q062,L005,L044,Pharmacy,4,2026-07-09T09:16,2026-07-09T11:44,CANCELLED
Q063,L019,L048,Document,2,2026-07-18T16:33,2026-07-18T17:11,NEW
Q064,L021,L042,Document,2,2026-07-13T13:07,2026-07-13T14:27,DELIVERED
Q065,L008,L048,Parcel,3,2026-07-02T09:40,2026-07-02T10:39,NEW
Q066,L002,L022,Grocery,1,2026-07-07T03:13,2026-07-07T04:23,DELIVERED
Q067,L001,L048,Food,3,2026-07-03T16:46,2026-07-03T19:45,DELIVERED
Q068,L014,L034,Document,2,2026-07-05T23:41,2026-07-06T00:38,IN_TRANSIT
Q069,L018,L022,Document,4,2026-07-04T23:22,2026-07-05T01:35,NEW
Q070,L006,L037,Parcel,4,2026-07-18T04:01,2026-07-18T06:50,DELIVERED
Q071,L021,L038,Food,5,2026-07-09T23:36,2026-07-10T01:15,DELIVERED
Q072,L019,L026,Parcel,1,2026-07-15T07:53,2026-07-15T09:36,IN_TRANSIT
Q073,L002,L028,Medical,2,2026-07-13T15:44,2026-07-13T16:40,ASSIGNED
Q074,L010,L041,Medical,1,2026-07-13T07:18,2026-07-13T07:55,DELIVERED
Q075,L017,L023,Food,3,2026-07-07T16:30,2026-07-07T17:45,NEW
Q076,L004,L032,Medical,1,2026-07-02T04:09,2026-07-02T06:35,CANCELLED
Q077,L020,L048,Food,3,2026-07-11T21:01,2026-07-11T21:23,DELIVERED
Q078,L017,L032,Document,4,2026-07-11T06:26,2026-07-11T09:00,DELIVERED
Q079,L021,L035,Document,2,2026-07-03T01:10,2026-07-03T03:20,DELIVERED
Q080,L010,L040,Parcel,2,2026-07-10T15:05,2026-07-10T16:10,DELIVERED
Q081,L010,L035,Medical,1,2026-07-19T06:35,2026-07-19T08:44,DELIVERED
Q082,L014,L050,Medical,2,2026-07-07T22:39,2026-07-08T00:25,DELIVERED
Q083,L013,L050,Pharmacy,4,2026-07-14T21:50,2026-07-14T23:02,DELIVERED
Q084,L011,L025,Medical,5,2026-07-19T20:38,2026-07-19T21:53,IN_TRANSIT
Q085,L020,L022,Document,5,2026-07-04T04:15,2026-07-04T04:38,DELIVERED
Q086,L015,L025,Pharmacy,2,2026-07-01T09:52,2026-07-01T10:21,CANCELLED
Q087,L016,L044,Food,1,2026-07-02T07:44,2026-07-02T08:57,CANCELLED
Q088,L021,L041,Parcel,2,2026-07-05T11:28,2026-07-05T12:26,DELIVERED
Q089,L021,L026,Grocery,3,2026-07-15T20:13,2026-07-15T22:09,DELIVERED
Q090,L005,L031,Medical,5,2026-07-20T10:18,2026-07-20T12:12,DELIVERED
Q091,L003,L028,Document,2,2026-07-02T22:13,2026-07-03T00:07,ASSIGNED
Q092,L012,L026,Document,4,2026-07-19T05:55,2026-07-19T06:23,DELIVERED
Q093,L014,L026,Document,5,2026-07-20T13:31,2026-07-20T14:53,NEW
Q094,L007,L035,Food,4,2026-07-05T13:44,2026-07-05T14:58,DELIVERED
Q095,L018,L029,Medical,5,2026-07-16T01:31,2026-07-16T03:14,IN_TRANSIT
Q096,L020,L041,Food,5,2026-07-17T07:40,2026-07-17T09:59,DELIVERED
Q097,L011,L038,Medical,4,2026-07-09T03:10,2026-07-09T04:10,DELIVERED
Q098,L012,L048,Pharmacy,4,2026-07-02T19:52,2026-07-02T21:18,DELIVERED
Q099,L009,L033,Food,5,2026-07-08T03:45,2026-07-08T06:03,DELIVERED
Q100,L009,L050,Parcel,5,2026-07-13T18:35,2026-07-13T18:57,IN_TRANSIT
Q101,L021,L031,Grocery,1,2026-07-06T09:32,2026-07-06T11:24,DELIVERED
Q102,L019,L036,Medical,2,2026-07-13T05:44,2026-07-13T08:16,DELIVERED
Q103,L006,L037,Food,2,2026-07-05T21:49,2026-07-05T23:31,DELIVERED
Q104,L011,L041,Grocery,1,2026-07-14T11:19,2026-07-14T11:55,DELIVERED
Q105,L015,L043,Food,3,2026-07-13T16:45,2026-07-13T17:51,DELIVERED
Q106,L021,L029,Pharmacy,5,2026-07-07T22:21,2026-07-07T23:07,IN_TRANSIT
Q107,L003,L037,Parcel,4,2026-07-18T20:11,2026-07-18T21:20,NEW
Q108,L020,L035,Document,1,2026-07-01T23:52,2026-07-02T01:22,ASSIGNED
Q109,L016,L027,Medical,4,2026-07-08T23:08,2026-07-09T01:43,ASSIGNED
Q110,L014,L043,Medical,1,2026-07-21T06:12,2026-07-21T07:08,IN_TRANSIT
Q111,L021,L039,Grocery,2,2026-07-16T18:05,2026-07-16T19:22,ASSIGNED
Q112,L004,L025,Pharmacy,2,2026-07-03T05:09,2026-07-03T06:42,IN_TRANSIT
Q113,L016,L042,Grocery,5,2026-07-03T16:08,2026-07-03T16:42,DELIVERED
Q114,L016,L048,Pharmacy,1,2026-07-06T22:41,2026-07-07T00:50,ASSIGNED
Q115,L003,L047,Parcel,1,2026-07-17T04:30,2026-07-17T06:00,DELIVERED
Q116,L013,L029,Document,3,2026-07-17T08:38,2026-07-17T09:32,DELIVERED
Q117,L009,L029,Parcel,4,2026-07-12T23:38,2026-07-13T01:24,DELIVERED
Q118,L015,L035,Parcel,2,2026-07-05T01:35,2026-07-05T03:43,DELIVERED
Q119,L018,L046,Medical,3,2026-07-08T23:19,2026-07-09T00:09,DELIVERED
Q120,L018,L036,Grocery,2,2026-07-09T23:07,2026-07-10T01:43,DELIVERED
Q121,L008,L040,Grocery,1,2026-07-08T07:59,2026-07-08T10:32,DELIVERED
Q122,L007,L046,Grocery,1,2026-07-16T10:53,2026-07-16T12:37,CANCELLED
Q123,L016,L026,Grocery,5,2026-07-08T09:29,2026-07-08T10:42,IN_TRANSIT
Q124,L003,L041,Parcel,2,2026-07-06T23:35,2026-07-07T00:56,DELIVERED
Q125,L007,L048,Grocery,3,2026-07-19T08:20,2026-07-19T10:05,CANCELLED
Q126,L002,L049,Medical,4,2026-07-11T14:23,2026-07-11T14:44,ASSIGNED
Q127,L012,L035,Medical,3,2026-07-10T20:01,2026-07-10T21:47,DELIVERED
Q128,L015,L025,Pharmacy,3,2026-07-11T20:34,2026-07-11T23:34,NEW
Q129,L012,L049,Food,4,2026-07-02T19:25,2026-07-02T19:45,DELIVERED
Q130,L008,L030,Medical,4,2026-07-08T18:10,2026-07-08T20:10,NEW
Q131,L005,L041,Pharmacy,2,2026-07-13T20:58,2026-07-13T22:24,DELIVERED
Q132,L021,L046,Grocery,4,2026-07-19T00:23,2026-07-19T02:55,DELIVERED
Q133,L007,L037,Pharmacy,1,2026-07-17T14:46,2026-07-17T15:37,NEW
Q134,L021,L031,Parcel,5,2026-07-08T08:57,2026-07-08T09:52,DELIVERED
Q135,L002,L022,Document,2,2026-07-07T21:11,2026-07-08T00:04,DELIVERED
Q136,L003,L022,Document,3,2026-07-10T04:56,2026-07-10T06:14,CANCELLED
Q137,L014,L022,Parcel,4,2026-07-18T16:12,2026-07-18T17:10,DELIVERED
Q138,L014,L045,Food,4,2026-07-10T05:51,2026-07-10T07:45,DELIVERED
Q139,L002,L041,Grocery,1,2026-07-18T03:06,2026-07-18T04:55,DELIVERED
Q140,L014,L023,Food,3,2026-07-02T10:28,2026-07-02T11:15,DELIVERED
Q141,L005,L035,Document,2,2026-07-11T08:58,2026-07-11T10:43,DELIVERED
Q142,L014,L051,Pharmacy,4,2026-07-20T08:19,2026-07-20T11:01,DELIVERED
Q143,L019,L049,Medical,3,2026-07-08T15:50,2026-07-08T18:26,DELIVERED
Q144,L015,L024,Document,5,2026-07-15T19:25,2026-07-15T21:32,IN_TRANSIT
Q145,L007,L043,Grocery,4,2026-07-07T03:48,2026-07-07T05:04,DELIVERED
Q146,L001,L043,Food,4,2026-07-06T07:45,2026-07-06T09:55,ASSIGNED
Q147,L020,L022,Pharmacy,2,2026-07-17T13:42,2026-07-17T15:09,DELIVERED
Q148,L019,L051,Grocery,3,2026-07-01T12:52,2026-07-01T14:10,DELIVERED
Q149,L019,L034,Grocery,1,2026-07-11T13:48,2026-07-11T15:08,CANCELLED
Q150,L013,L035,Document,4,2026-07-03T01:40,2026-07-03T03:37,NEW
Q151,L012,L034,Parcel,2,2026-07-16T21:39,2026-07-17T00:35,NEW
Q152,L012,L046,Parcel,4,2026-07-06T19:31,2026-07-06T20:01,DELIVERED
Q153,L012,L040,Grocery,3,2026-07-20T08:05,2026-07-20T08:39,DELIVERED
Q154,L010,L040,Parcel,5,2026-07-02T00:36,2026-07-02T03:04,DELIVERED
Q155,L005,L046,Grocery,4,2026-07-16T22:43,2026-07-16T23:52,IN_TRANSIT
Q156,L005,L023,Document,2,2026-07-09T03:02,2026-07-09T03:30,NEW
Q157,L003,L042,Document,3,2026-07-18T18:29,2026-07-18T19:47,DELIVERED
Q158,L003,L026,Food,3,2026-07-04T02:48,2026-07-04T05:10,NEW
Q159,L018,L040,Parcel,5,2026-07-09T03:15,2026-07-09T05:02,DELIVERED
Q160,L013,L047,Parcel,1,2026-07-11T02:23,2026-07-11T05:07,DELIVERED
Q161,L016,L029,Parcel,3,2026-07-11T20:05,2026-07-11T21:38,NEW
Q162,L001,L024,Document,5,2026-07-10T18:43,2026-07-10T21:22,NEW
Q163,L019,L027,Medical,4,2026-07-06T10:59,2026-07-06T13:52,DELIVERED
Q164,L014,L038,Parcel,5,2026-07-09T15:08,2026-07-09T16:25,DELIVERED
Q165,L015,L024,Grocery,4,2026-07-18T21:48,2026-07-19T00:25,DELIVERED
Q166,L005,L025,Food,5,2026-07-03T20:02,2026-07-03T22:24,ASSIGNED
Q167,L011,L023,Medical,1,2026-07-07T03:21,2026-07-07T03:44,DELIVERED
Q168,L003,L029,Grocery,5,2026-07-03T16:53,2026-07-03T19:50,DELIVERED
Q169,L018,L026,Pharmacy,4,2026-07-11T04:02,2026-07-11T04:28,NEW
Q170,L017,L041,Document,3,2026-07-11T21:35,2026-07-11T23:49,ASSIGNED
Q171,L005,L046,Food,5,2026-07-15T17:36,2026-07-15T18:29,CANCELLED
Q172,L011,L038,Parcel,5,2026-07-01T16:32,2026-07-01T19:05,IN_TRANSIT
Q173,L002,L035,Document,4,2026-07-15T15:49,2026-07-15T16:41,DELIVERED
Q174,L015,L038,Medical,5,2026-07-16T17:31,2026-07-16T19:51,DELIVERED
Q175,L002,L045,Parcel,2,2026-07-17T23:47,2026-07-18T00:50,ASSIGNED
Q176,L010,L048,Food,5,2026-07-19T09:20,2026-07-19T12:09,NEW
Q177,L004,L026,Grocery,1,2026-07-07T11:54,2026-07-07T12:28,NEW
Q178,L016,L037,Parcel,3,2026-07-06T20:15,2026-07-06T21:50,CANCELLED
Q179,L011,L038,Parcel,5,2026-07-02T21:32,2026-07-02T21:52,DELIVERED
Q180,L009,L050,Food,3,2026-07-04T01:51,2026-07-04T03:56,DELIVERED
Q181,L008,L026,Grocery,4,2026-07-16T18:13,2026-07-16T19:32,DELIVERED
Q182,L018,L037,Grocery,3,2026-07-01T23:21,2026-07-01T23:58,ASSIGNED
Q183,L014,L028,Pharmacy,2,2026-07-13T08:29,2026-07-13T10:09,NEW
Q184,L013,L038,Food,5,2026-07-13T02:09,2026-07-13T03:32,CANCELLED
Q185,L012,L037,Grocery,2,2026-07-05T07:05,2026-07-05T08:46,IN_TRANSIT
Q186,L002,L026,Parcel,4,2026-07-20T15:01,2026-07-20T17:43,DELIVERED
Q187,L020,L050,Grocery,5,2026-07-08T02:52,2026-07-08T03:39,DELIVERED
Q188,L002,L032,Parcel,4,2026-07-08T13:41,2026-07-08T16:23,DELIVERED
Q189,L005,L049,Pharmacy,1,2026-07-15T03:13,2026-07-15T04:24,ASSIGNED
Q190,L009,L030,Document,3,2026-07-04T18:31,2026-07-04T19:30,DELIVERED
Q191,L016,L039,Parcel,1,2026-07-09T08:55,2026-07-09T11:17,DELIVERED
Q192,L019,L046,Medical,5,2026-07-15T03:30,2026-07-15T06:24,IN_TRANSIT
Q193,L012,L030,Document,2,2026-07-19T19:22,2026-07-19T19:47,NEW
Q194,L008,L022,Parcel,4,2026-07-14T10:18,2026-07-14T11:39,NEW
Q195,L010,L044,Food,3,2026-07-14T21:27,2026-07-14T22:00,DELIVERED
Q196,L004,L034,Parcel,3,2026-07-07T00:07,2026-07-07T01:24,IN_TRANSIT
Q197,L017,L049,Parcel,2,2026-07-14T19:16,2026-07-14T20:14,DELIVERED
Q198,L014,L024,Medical,1,2026-07-17T17:32,2026-07-17T18:05,NEW
Q199,L014,L037,Pharmacy,5,2026-07-03T05:15,2026-07-03T06:05,ASSIGNED
Q200,L016,L037,Grocery,5,2026-07-08T08:30,2026-07-08T10:34,DELIVERED
Q201,L008,L034,Grocery,1,2026-07-12T09:29,2026-07-12T09:50,ASSIGNED
Q202,L020,L035,Medical,5,2026-07-03T11:51,2026-07-03T12:42,IN_TRANSIT
Q203,L015,L028,Grocery,2,2026-07-10T06:22,2026-07-10T08:19,DELIVERED
Q204,L017,L029,Medical,1,2026-07-11T10:47,2026-07-11T11:44,DELIVERED
Q205,L004,L028,Food,2,2026-07-09T15:23,2026-07-09T16:15,DELIVERED
Q206,L015,L049,Parcel,3,2026-07-20T03:29,2026-07-20T04:12,DELIVERED
Q207,L002,L035,Grocery,3,2026-07-13T12:20,2026-07-13T15:14,CANCELLED
Q208,L002,L047,Document,5,2026-07-12T19:09,2026-07-12T21:28,DELIVERED
Q209,L018,L034,Pharmacy,1,2026-07-19T22:48,2026-07-20T00:37,IN_TRANSIT
Q210,L008,L038,Food,5,2026-07-19T05:21,2026-07-19T06:23,DELIVERED
Q211,L009,L034,Document,3,2026-07-13T05:14,2026-07-13T06:10,ASSIGNED
Q212,L012,L036,Food,4,2026-07-01T09:45,2026-07-01T12:07,NEW
Q213,L009,L041,Pharmacy,1,2026-07-16T20:05,2026-07-16T22:59,CANCELLED
Q214,L006,L028,Medical,5,2026-07-13T22:10,2026-07-13T22:58,ASSIGNED
Q215,L019,L038,Document,4,2026-07-05T15:13,2026-07-05T15:38,DELIVERED
Q216,L010,L030,Food,1,2026-07-18T03:20,2026-07-18T04:30,DELIVERED
Q217,L007,L036,Pharmacy,2,2026-07-19T05:26,2026-07-19T06:08,ASSIGNED
Q218,L019,L044,Grocery,2,2026-07-11T22:04,2026-07-11T23:08,IN_TRANSIT
Q219,L018,L050,Document,5,2026-07-06T22:30,2026-07-06T23:51,ASSIGNED
Q220,L021,L044,Food,1,2026-07-15T14:18,2026-07-15T16:05,IN_TRANSIT
Q221,L010,L036,Parcel,1,2026-07-17T06:17,2026-07-17T07:33,DELIVERED
Q222,L021,L024,Parcel,2,2026-07-03T21:16,2026-07-03T23:35,DELIVERED
Q223,L005,L024,Parcel,5,2026-07-06T20:59,2026-07-06T23:50,ASSIGNED
Q224,L017,L033,Food,3,2026-07-03T05:42,2026-07-03T06:48,ASSIGNED
Q225,L003,L034,Grocery,4,2026-07-13T00:07,2026-07-13T02:23,DELIVERED
Q226,L004,L032,Parcel,2,2026-07-01T15:12,2026-07-01T16:27,NEW
Q227,L001,L040,Medical,4,2026-07-02T06:00,2026-07-02T08:51,DELIVERED
Q228,L021,L033,Pharmacy,3,2026-07-16T06:44,2026-07-16T07:39,NEW
Q229,L012,L049,Food,3,2026-07-16T07:33,2026-07-16T10:08,NEW
Q230,L001,L028,Document,3,2026-07-21T04:17,2026-07-21T05:20,CANCELLED
Q231,L002,L041,Parcel,4,2026-07-11T19:32,2026-07-11T21:36,DELIVERED
Q232,L001,L038,Medical,3,2026-07-16T23:32,2026-07-17T00:34,ASSIGNED
Q233,L006,L038,Document,4,2026-07-19T10:35,2026-07-19T13:19,NEW
Q234,L018,L042,Document,4,2026-07-17T00:00,2026-07-17T01:59,NEW
Q235,L015,L047,Pharmacy,4,2026-07-13T03:26,2026-07-13T04:16,DELIVERED
Q236,L008,L051,Parcel,1,2026-07-19T06:10,2026-07-19T08:03,DELIVERED
Q237,L008,L028,Medical,2,2026-07-01T22:10,2026-07-01T22:30,DELIVERED
Q238,L003,L047,Parcel,1,2026-07-13T20:03,2026-07-13T21:28,DELIVERED
Q239,L015,L034,Document,4,2026-07-15T13:04,2026-07-15T16:02,DELIVERED
Q240,L014,L023,Parcel,1,2026-07-16T18:10,2026-07-16T20:28,DELIVERED
Q241,L010,L039,Document,3,2026-07-10T14:36,2026-07-10T16:28,DELIVERED
Q242,L012,L036,Grocery,4,2026-07-12T00:14,2026-07-12T01:39,IN_TRANSIT
Q243,L006,L037,Medical,4,2026-07-18T20:42,2026-07-18T23:16,ASSIGNED
Q244,L021,L041,Pharmacy,3,2026-07-07T16:40,2026-07-07T17:46,ASSIGNED
Q245,L016,L038,Document,4,2026-07-21T01:48,2026-07-21T02:59,DELIVERED
Q246,L021,L034,Pharmacy,5,2026-07-13T01:13,2026-07-13T02:09,DELIVERED
Q247,L002,L040,Pharmacy,3,2026-07-03T14:27,2026-07-03T15:28,DELIVERED
Q248,L021,L027,Medical,4,2026-07-13T23:08,2026-07-14T00:23,DELIVERED
Q249,L020,L035,Pharmacy,2,2026-07-12T15:33,2026-07-12T16:54,DELIVERED
Q250,L002,L048,Grocery,2,2026-07-04T19:13,2026-07-04T21:48,ASSIGNED
Q251,L013,L028,Grocery,2,2026-07-20T01:04,2026-07-20T03:43,DELIVERED
Q252,L021,L038,Document,4,2026-07-09T01:42,2026-07-09T02:23,DELIVERED
Q253,L004,L038,Medical,4,2026-07-13T15:37,2026-07-13T16:27,DELIVERED
Q254,L021,L026,Food,2,2026-07-06T21:26,2026-07-06T23:47,NEW
Q255,L018,L042,Document,1,2026-07-06T22:54,2026-07-06T23:58,DELIVERED
Q256,L005,L037,Food,2,2026-07-10T16:46,2026-07-10T18:25,DELIVERED
Q257,L014,L023,Grocery,1,2026-07-16T20:05,2026-07-16T21:40,DELIVERED
Q258,L014,L031,Grocery,3,2026-07-13T22:00,2026-07-13T23:51,ASSIGNED
Q259,L009,L049,Document,2,2026-07-02T23:45,2026-07-03T00:20,DELIVERED
Q260,L015,L038,Medical,3,2026-07-01T17:06,2026-07-01T19:38,DELIVERED
Q261,L006,L032,Pharmacy,4,2026-07-07T22:12,2026-07-07T23:57,DELIVERED
Q262,L010,L035,Pharmacy,5,2026-07-09T14:36,2026-07-09T16:03,DELIVERED
Q263,L017,L043,Pharmacy,1,2026-07-07T18:31,2026-07-07T20:35,ASSIGNED
Q264,L005,L043,Food,2,2026-07-18T10:45,2026-07-18T13:31,DELIVERED
Q265,L015,L028,Parcel,2,2026-07-08T16:47,2026-07-08T18:37,DELIVERED
Q266,L020,L028,Grocery,2,2026-07-16T16:48,2026-07-16T17:53,DELIVERED
Q267,L002,L039,Parcel,4,2026-07-15T00:17,2026-07-15T01:35,IN_TRANSIT
Q268,L010,L023,Food,4,2026-07-08T20:52,2026-07-08T23:46,DELIVERED
Q269,L020,L042,Pharmacy,4,2026-07-20T06:43,2026-07-20T07:15,NEW
Q270,L015,L051,Grocery,4,2026-07-09T05:00,2026-07-09T07:53,NEW
Q271,L003,L040,Pharmacy,5,2026-07-10T22:48,2026-07-10T23:14,IN_TRANSIT
Q272,L020,L034,Document,4,2026-07-07T00:24,2026-07-07T02:22,ASSIGNED
Q273,L002,L037,Medical,5,2026-07-08T21:19,2026-07-08T21:41,ASSIGNED
Q274,L010,L047,Document,2,2026-07-13T05:49,2026-07-13T06:45,ASSIGNED
Q275,L019,L041,Medical,3,2026-07-08T11:12,2026-07-08T11:38,DELIVERED
Q276,L006,L040,Parcel,3,2026-07-17T16:42,2026-07-17T18:48,ASSIGNED
Q277,L009,L029,Parcel,4,2026-07-08T23:14,2026-07-09T00:36,IN_TRANSIT
Q278,L007,L037,Parcel,1,2026-07-07T03:17,2026-07-07T05:04,ASSIGNED
Q279,L007,L022,Medical,3,2026-07-11T08:45,2026-07-11T10:46,ASSIGNED
Q280,L013,L026,Pharmacy,5,2026-07-15T03:04,2026-07-15T03:33,ASSIGNED
Q281,L003,L024,Medical,2,2026-07-18T15:36,2026-07-18T17:32,DELIVERED
Q282,L003,L046,Food,4,2026-07-10T02:00,2026-07-10T03:35,CANCELLED
Q283,L021,L034,Food,1,2026-07-07T07:33,2026-07-07T08:23,NEW
Q284,L002,L041,Document,3,2026-07-16T07:25,2026-07-16T09:14,DELIVERED
Q285,L004,L047,Document,1,2026-07-02T10:27,2026-07-02T13:18,NEW
Q286,L002,L044,Medical,5,2026-07-20T13:38,2026-07-20T14:20,DELIVERED
Q287,L020,L050,Parcel,2,2026-07-13T18:21,2026-07-13T20:11,NEW
Q288,L015,L029,Parcel,1,2026-07-02T04:01,2026-07-02T04:35,ASSIGNED
Q289,L012,L046,Food,4,2026-07-21T00:43,2026-07-21T01:21,CANCELLED
Q290,L020,L039,Parcel,5,2026-07-05T12:27,2026-07-05T15:20,DELIVERED
Q291,L020,L031,Grocery,2,2026-07-07T21:52,2026-07-07T22:54,DELIVERED
Q292,L008,L040,Pharmacy,2,2026-07-20T03:36,2026-07-20T05:11,DELIVERED
Q293,L013,L041,Document,1,2026-07-19T03:59,2026-07-19T04:50,ASSIGNED
Q294,L009,L048,Document,1,2026-07-13T07:11,2026-07-13T08:25,DELIVERED
Q295,L016,L037,Document,4,2026-07-12T05:56,2026-07-12T07:51,IN_TRANSIT
Q296,L019,L038,Food,2,2026-07-02T07:27,2026-07-02T08:43,DELIVERED
Q297,L015,L051,Parcel,4,2026-07-13T15:07,2026-07-13T17:56,NEW
Q298,L021,L022,Medical,4,2026-07-11T16:43,2026-07-11T18:11,DELIVERED
Q299,L017,L035,Pharmacy,2,2026-07-13T12:33,2026-07-13T15:28,IN_TRANSIT
Q300,L008,L043,Parcel,2,2026-07-10T18:42,2026-07-10T19:31,NEW
Q301,L003,L027,Food,5,2026-07-15T08:14,2026-07-15T10:12,ASSIGNED
Q302,L011,L022,Grocery,1,2026-07-20T05:21,2026-07-20T05:55,DELIVERED
Q303,L012,L041,Pharmacy,3,2026-07-14T19:48,2026-07-14T20:34,DELIVERED
Q304,L018,L048,Food,3,2026-07-04T20:06,2026-07-04T21:11,DELIVERED
Q305,L004,L035,Document,2,2026-07-02T20:40,2026-07-02T23:27,DELIVERED
Q306,L001,L039,Grocery,5,2026-07-02T00:47,2026-07-02T02:34,ASSIGNED
Q307,L011,L039,Food,3,2026-07-08T15:54,2026-07-08T17:06,ASSIGNED
Q308,L006,L049,Food,4,2026-07-10T15:03,2026-07-10T17:54,IN_TRANSIT
Q309,L008,L027,Pharmacy,3,2026-07-06T14:55,2026-07-06T17:49,IN_TRANSIT
Q310,L021,L037,Parcel,5,2026-07-02T23:58,2026-07-03T02:48,DELIVERED
